latitude,longitude,bright_ti4,scan,track,acq_date,acq_time,satellite,instrument,confidence,version,bright_ti5,frp,daynight,dist_to_industrial_m,label,predicted_probability_industrial,fire_type
21.10513,72.64378,330.75,0.54,0.42,2026-08-31,2040,N,VIIRS,n,2.0NRT,287.66,5.89,N,0.0,1,0.9,Industrial
21.10902,72.64436,299.5,0.54,0.42,2026-08-31,2040,N,VIIRS,n,2.0NRT,284.52,1.6,N,0.0,1,0.9,Industrial
15.65919,73.98986,315.41,0.41,0.37,2026-08-31,2042,N,VIIRS,n,2.0NRT,289.55,1.8,N,5000.0,0,0.0,Other (Vegetation/Agricultural)
17.06269,76.97835,306.39,0.39,0.36,2026-08-31,2042,N,VIIRS,n,2.0NRT,286.56,0.84,N,0.0,1,0.88,Industrial
17.43479,74.96613,307.73,0.4,0.37,2026-08-31,2042,N,VIIRS,n,2.0NRT,289.13,0.74,N,1481.0408679710015,0,0.1,Other (Vegetation/Agricultural)
18.42431,74.38948,307.81,0.42,0.38,2026-08-31,2042,N,VIIRS,n,2.0NRT,290.41,0.44,N,2760.4586543348,0,0.02,Other (Vegetation/Agricultural)
18.59601,74.25494,317.81,0.43,0.38,2026-08-31,2042,N,VIIRS,n,2.0NRT,290.26,1.7,N,5000.0,0,0.0,Other (Vegetation/Agricultural)
18.68149,73.03835,311.06,0.48,0.4,2026-08-31,2042,N,VIIRS,n,2.0NRT,292.45,3.11,N,0.0,1,0.92,Industrial
18.68213,73.03376,305.47,0.48,0.4,2026-08-31,2042,N,VIIRS,n,2.0NRT,292.44,1.93,N,0.0,1,0.98,Industrial
18.68646,73.02973,306.48,0.48,0.4,2026-08-31,2042,N,VIIRS,n,2.0NRT,288.82,1.93,N,0.0,1,0.98,Industrial
15.88618,79.82315,338.82,0.5,0.41,2026-09-01,752,N,VIIRS,l,2.0NRT,301.09,7.0,D,5000.0,0,0.02,Other (Vegetation/Agricultural)
15.88993,79.82246,339.55,0.5,0.41,2026-09-01,752,N,VIIRS,n,2.0NRT,299.72,7.0,D,5000.0,0,0.02,Other (Vegetation/Agricultural)
17.95781,80.79736,336.54,0.43,0.38,2026-09-01,752,N,VIIRS,n,2.0NRT,292.25,5.73,D,5000.0,0,0.02,Other (Vegetation/Agricultural)
18.73882,74.40549,299.3,0.51,0.49,2026-09-01,2021,N,VIIRS,n,2.0NRT,284.89,0.54,N,5000.0,0,0.06,Other (Vegetation/Agricultural)
21.10112,72.63706,308.66,0.36,0.57,2026-09-01,2021,N,VIIRS,n,2.0NRT,282.05,1.18,N,5000.0,0,0.04,Other (Vegetation/Agricultural)
