latitude,longitude,bright_ti4,scan,track,acq_date,acq_time,satellite,instrument,confidence,version,bright_ti5,frp,daynight
21.10513,72.64378,330.75,0.54,0.42,2026-08-31,2040,N,VIIRS,n,2.0NRT,287.66,5.89,N
21.10902,72.64436,299.5,0.54,0.42,2026-08-31,2040,N,VIIRS,n,2.0NRT,284.52,1.6,N
15.65919,73.98986,315.41,0.41,0.37,2026-08-31,2042,N,VIIRS,n,2.0NRT,289.55,1.8,N
17.06269,76.97835,306.39,0.39,0.36,2026-08-31,2042,N,VIIRS,n,2.0NRT,286.56,0.84,N
17.43479,74.96613,307.73,0.4,0.37,2026-08-31,2042,N,VIIRS,n,2.0NRT,289.13,0.74,N
18.42431,74.38948,307.81,0.42,0.38,2026-08-31,2042,N,VIIRS,n,2.0NRT,290.41,0.44,N
18.59601,74.25494,317.81,0.43,0.38,2026-08-31,2042,N,VIIRS,n,2.0NRT,290.26,1.7,N
18.68149,73.03835,311.06,0.48,0.4,2026-08-31,2042,N,VIIRS,n,2.0NRT,292.45,3.11,N
18.68213,73.03376,305.47,0.48,0.4,2026-08-31,2042,N,VIIRS,n,2.0NRT,292.44,1.93,N
18.68646,73.02973,306.48,0.48,0.4,2026-08-31,2042,N,VIIRS,n,2.0NRT,288.82,1.93,N
15.88618,79.82315,338.82,0.5,0.41,2026-09-01,752,N,VIIRS,l,2.0NRT,301.09,7,D
15.88993,79.82246,339.55,0.5,0.41,2026-09-01,752,N,VIIRS,n,2.0NRT,299.72,7,D
17.95781,80.79736,336.54,0.43,0.38,2026-09-01,752,N,VIIRS,n,2.0NRT,292.25,5.73,D
18.73882,74.40549,299.3,0.51,0.49,2026-09-01,2021,N,VIIRS,n,2.0NRT,284.89,0.54,N
21.10112,72.63706,308.66,0.36,0.57,2026-09-01,2021,N,VIIRS,n,2.0NRT,282.05,1.18,N
21.10147,72.63356,308.84,0.36,0.57,2026-09-01,2021,N,VIIRS,n,2.0NRT,282.25,1.18,N
21.10537,72.64811,310.93,0.35,0.57,2026-09-01,2021,N,VIIRS,n,2.0NRT,284.27,2.9,N
21.10572,72.64465,331.23,0.36,0.57,2026-09-01,2021,N,VIIRS,n,2.0NRT,285.01,4.16,N
15.95654,79.91642,341.23,0.32,0.55,2026-09-02,731,N,VIIRS,n,2.0NRT,293.08,4.66,D
17.67918,75.30824,332.06,0.6,0.7,2026-09-02,733,N,VIIRS,n,2.0NRT,286.29,6.74,D
15.78634,80.24809,304.51,0.4,0.44,2026-09-02,2004,N,VIIRS,n,2.0NRT,283.42,1.63,N
18.68321,73.04121,301.76,0.64,0.72,2026-09-02,2004,N,VIIRS,n,2.0NRT,283.02,3.91,N
18.68376,73.03494,307.43,0.64,0.72,2026-09-02,2004,N,VIIRS,n,2.0NRT,282.78,2.69,N
18.6843,73.02866,303.48,0.64,0.72,2026-09-02,2004,N,VIIRS,n,2.0NRT,282.8,2.69,N
21.16249,72.6673,304.69,0.71,0.75,2026-09-02,2004,N,VIIRS,n,2.0NRT,284.74,1.98,N
21.1658,72.66228,301.64,0.71,0.75,2026-09-02,2004,N,VIIRS,n,2.0NRT,284.7,1.54,N
21.10142,72.64466,307.16,0.44,0.63,2026-09-02,2144,N,VIIRS,n,2.0NRT,287.46,2.25,N
21.10334,72.63613,318.44,0.44,0.63,2026-09-02,2144,N,VIIRS,n,2.0NRT,287.95,2.34,N
21.1071,72.64617,347.86,0.44,0.63,2026-09-02,2144,N,VIIRS,n,2.0NRT,288.32,7.05,N
21.10903,72.63763,307.73,0.44,0.63,2026-09-02,2144,N,VIIRS,n,2.0NRT,288.01,2.25,N
18.51854,74.3471,334.46,0.5,0.49,2026-09-03,856,N,VIIRS,n,2.0NRT,296.41,4.86,D
18.51911,74.35187,330.29,0.5,0.49,2026-09-03,856,N,VIIRS,n,2.0NRT,296.04,4.86,D
18.56307,74.36423,332.55,0.5,0.49,2026-09-03,856,N,VIIRS,n,2.0NRT,297.39,7.46,D
18.69169,73.04173,334.81,0.42,0.45,2026-09-03,856,N,VIIRS,n,2.0NRT,295.45,5.14,D
21.10661,72.64839,332.65,0.42,0.45,2026-09-03,856,N,VIIRS,n,2.0NRT,296.01,4.4,D
17.3574,76.87903,295.01,0.71,0.75,2026-09-03,1947,N,VIIRS,n,2.0NRT,274.37,0.63,N
16.18613,78.91606,303.5,0.7,0.75,2026-09-03,2125,N,VIIRS,n,2.0NRT,282.21,3.56,N
16.18728,78.91104,307.9,0.7,0.75,2026-09-03,2125,N,VIIRS,n,2.0NRT,282.64,6.01,N
18.68138,73.03857,306.06,0.52,0.5,2026-09-03,2125,N,VIIRS,n,2.0NRT,286.54,1.63,N
18.68235,73.03365,304.96,0.52,0.5,2026-09-03,2125,N,VIIRS,n,2.0NRT,286.6,1.63,N
18.68331,73.0287,301.11,0.52,0.5,2026-09-03,2125,N,VIIRS,n,2.0NRT,286.49,2.72,N
18.68517,73.04121,303.66,0.52,0.5,2026-09-03,2125,N,VIIRS,n,2.0NRT,286.86,2.63,N
18.68594,73.03958,303.16,0.52,0.5,2026-09-03,2125,N,VIIRS,n,2.0NRT,286.88,1.63,N
18.68717,73.03136,303.75,0.52,0.5,2026-09-03,2125,N,VIIRS,n,2.0NRT,286.82,3.48,N
18.69051,73.04059,303.23,0.52,0.5,2026-09-03,2125,N,VIIRS,n,2.0NRT,286.61,2.42,N
20.35351,72.95026,295.9,0.48,0.48,2026-09-03,2125,N,VIIRS,n,2.0NRT,283.56,0.44,N
20.35693,72.94828,312.62,0.48,0.48,2026-09-03,2125,N,VIIRS,n,2.0NRT,283.84,1.12,N
21.10058,72.63622,307.03,0.45,0.47,2026-09-03,2125,N,VIIRS,n,2.0NRT,290.82,1.6,N
21.10314,72.64573,307.67,0.45,0.47,2026-09-03,2125,N,VIIRS,n,2.0NRT,291,2.61,N
21.10483,72.63718,307.78,0.45,0.47,2026-09-03,2125,N,VIIRS,n,2.0NRT,291.05,1.6,N
21.10739,72.64669,342.3,0.45,0.47,2026-09-03,2125,N,VIIRS,n,2.0NRT,292.6,7.81,N
21.16286,72.67182,331.87,0.45,0.47,2026-09-03,2125,N,VIIRS,n,2.0NRT,291.11,4.97,N
21.1644,72.67298,336.65,0.45,0.47,2026-09-03,2125,N,VIIRS,n,2.0NRT,291.46,4.37,N
21.16523,72.66869,321.34,0.45,0.47,2026-09-03,2125,N,VIIRS,n,2.0NRT,291.15,4.37,N
21.16711,72.67277,339.36,0.45,0.47,2026-09-03,2125,N,VIIRS,n,2.0NRT,291.7,7.63,N
21.10135,72.63466,332.85,0.39,0.36,2026-09-04,837,N,VIIRS,n,2.0NRT,295.09,7.03,D
21.10191,72.63843,334.26,0.39,0.36,2026-09-04,837,N,VIIRS,n,2.0NRT,293.93,7.03,D
21.10636,72.64542,344.24,0.39,0.36,2026-09-04,837,N,VIIRS,n,2.0NRT,299.55,8.1,D